<?xml version="1.0" encoding="UTF-8"?>

<beans xmlns="http://www.springframework.org/schema/beans"
	xmlns:xsi="http://www.w3.org/2001/XMLSchema-instance"
	xmlns:mvc="http://www.springframework.org/schema/mvc"
	xmlns:context="http://www.springframework.org/schema/context"
	xmlns:p="http://www.springframework.org/schema/p"
	xmlns:c="http://www.springframework.org/schema/c"
	xsi:schemaLocation="http://www.springframework.org/schema/mvc http://www.springframework.org/schema/mvc/spring-mvc.xsd
		http://www.springframework.org/schema/beans http://www.springframework.org/schema/beans/spring-beans.xsd
		http://www.springframework.org/schema/context http://www.springframework.org/schema/context/spring-context.xsd">

 
         <context:component-scan  base-package="com.Spring.Controller"/>
         <context:component-scan  base-package="com.Spring.Dao"/>
         <context:component-scan  base-package="com.Spring.domain"/>
        <context:component-scan  base-package="com.Spring.Service"/>
         


    <mvc:annotation-driven />

	<bean class="org.springframework.web.servlet.view.InternalResourceViewResolver">
	        <!-- Example: a logical view name of 'showMessage' is mapped to '/WEB-INF/jsp/showMessage.jsp' -->
	        <property name="prefix" value="/WEB-INF/view/"/>
	        <property name="suffix" value=".jsp"/>
	</bean>

	<mvc:resources location="/resources/**" mapping="/resources/**" />
	
	<bean
		class="org.springframework.context.support.PropertySourcesPlaceholderConfigurer" p:locations="classpath:db.properties">
	</bean>
	
		
	<bean id="basicDataSource"
		class="org.apache.commons.dbcp.BasicDataSource"
		p:username="${db.oracle.user}" p:password="${db.oracle.password}"
		p:url="${db.oracle.url}" p:driverClassName="${db.oracle.driver}">
	</bean>
	<bean id="JdbcTemplate"
		class="org.springframework.jdbc.core.JdbcTemplate"
		c:dataSource-ref="basicDataSource">
	
	</bean>
</beans>
